depth,sum_day
0.0,67.87816563590495
2.1,64.08928202484209
5.0,47.37139731197713
10.0,14.571114136144637
15.0,12.147413371437448
30.0,1.4362241045934352
50.0,0.00846276551038321
